<especies>
    <especie>
        <nombre>Acer monspessulanum</nombre>
        <nombreComun>
            <nombre>Arce de Montpellier</nombre>
            <nombre>Arce menor</nombre>
        </nombreComun>
        <vegetacion>Caducifolio</vegetacion>
        <altura>De 6 a 10 metros</altura>
        <formaYestructura>Copa esférica. Tronco principal recto con bifurcaciones. Ramaje colgante</formaYestructura>
        <colorEnPrimavera>Haz verde brillante, envés verde blanquecino</colorEnPrimavera>
        <resistenciaAlasHeladas></resistenciaAlasHeladas>
    </especie>
    <especie>
        <nombre>Olea europea</nombre>
        <nombreComun>
            <nombre>Olivo</nombre>
        </nombreComun>
        <vegetacion>Perenne</vegetacion>
        <altura>De 8 a 15 metros</altura>
        <formaYestructura>Copa irregular. Tronco principal recto con ramas horizontales. Ramaje tortuoso</formaYestructura>
        <colorEnPrimavera>Haz verde oscuro, envés verde plateado</colorEnPrimavera>
        <resistenciaAlasHeladas>Heladas medias (hasta -10ºC)</resistenciaAlasHeladas>
    </especie>
    <especie>
        <nombre>Platanus orientalis</nombre>
        <nombreComun>
            <nombre>Plátano</nombre>
        </nombreComun>
        <vegetacion>Caducifolio</vegetacion>
        <altura>De 20 a 25 metros</altura>
        <formaYestructura>Copa ovoidal. Tronco principal recto. Ramaje expandido</formaYestructura>
        <colorEnPrimavera>Haz verde medio, envés verde claro</colorEnPrimavera>
        <colorEnOtoño>Ocre</colorEnOtoño>
        <resistenciaAlasHeladas>Heladas fuertes (hasta -20ºC)</resistenciaAlasHeladas>
    </especie>
    <especie>
        <nombre>Quercus elix</nombre>
        <nombreComun>
            <nombre>Encina</nombre>
        </nombreComun>
        <vegetacion>Perenne</vegetacion>
        <altura>En torno a 25 metros</altura>
        <formaYestructura>Copa esférica o elíptica irregular. Tronco principal recto. Ramaje tortuoso</formaYestructura>
        <colorEnPrimavera>Plateado en hojas jóvenes. En hojas antiguas, haz verde oscuro, envés plateado</colorEnPrimavera>
        <resistenciaAlasHeladas>Heladas fuertes (hasta -15ºC)</resistenciaAlasHeladas>
    </especie>
</especies>